ID	genotype	1st	2nd	3rd	4th	5th	6th	7th	8th	9th	10th
395	+/-	1	1	3	3	3	3	4	5	5	5
396	+/-	0	2	3	3	4	3	3	4	5	3
397	+/-	0	0	1	1	3	2	3	5	4	4
399	+/-	0	0	1	1	3	3	3	3	3	3
386	+/-	0	0	3	3	3	3	3	5	5	5
379	+/-	0	0	3	3	4	4	3	3	0	5
278	+/-	0	4	4	5	4	5	5	5	5	5
279	+/-	0	2	1	0	0	3	0	3	3	4
280	+/-	0	3	4	1	5	5	5	5	5	5
282	+/-	0	1	2	2	3	3	3	3	3	4
283	+/-	0	1	1	1	4	5	5	5	5	5
394	+/+	0	0	1	4	0	3	3	3	3	4
398	+/+	0	1	2	3	3	3	3	3	4	4
400	+/+	0	0	0	0	1	1	2	2	3	3
401	+/+	0	0	0	0	0	3	3	3	3	4
384	+/+	0	0	0	1	2	3	4	4	4	4
385	+/+	0	0	0	3	3	2	3	4	3	2
387	+/+	0	0	0	1	1	3	3	3	3	4
378	+/+	0	2	3	4	4	4	4	4	4	3
380	+/+	0	0	2	4	4	4	4	0	0	4
281	+/+	0	0	1	3	3	4	4	4	4	4
284	+/+	0	0	2	0	3	3	2	3	3	3
